{"cameraMode":{"drawMode":0,"name":"Shaded","section":"Shading Mode"},"sceneLighting":false,"audioPlay":false,"sceneViewState":{"showFog":true,"showMaterialUpdate":false,"showSkybox":false,"showFlares":true,"showImageEffects":true,"showParticleSystems":true},"in2DMode":false,"pivot":{"x":-18.743980407714845,"y":4.677213668823242,"z":2.9214305877685549},"rotation":{"x":-0.04561005160212517,"y":0.2234429270029068,"z":-0.010467893444001675,"w":-0.97359299659729},"size":32.244876861572269,"orthographic":false}