{"cameraMode":{"drawMode":0,"name":"Shaded","section":"Shading Mode"},"sceneLighting":false,"audioPlay":false,"sceneViewState":{"showFog":true,"showMaterialUpdate":false,"showSkybox":false,"showFlares":true,"showImageEffects":true,"showParticleSystems":true},"in2DMode":false,"pivot":{"x":-18.743980407714845,"y":4.677213668823242,"z":2.9214305877685549},"rotation":{"x":-0.03330569714307785,"y":0.008092178963124752,"z":-0.00026989643811248243,"w":-0.999412477016449},"size":32.77204132080078,"orthographic":false}