{"cameraMode":{"drawMode":0,"name":"Shaded","section":"Shading Mode"},"sceneLighting":true,"audioPlay":false,"sceneViewState":{"showFog":false,"showMaterialUpdate":false,"showSkybox":false,"showFlares":false,"showImageEffects":false,"showParticleSystems":false},"in2DMode":false,"pivot":{"x":0.3010297417640686,"y":-0.0000057220458984375,"z":3.572753429412842},"rotation":{"x":0.1423214226961136,"y":-0.007116365246474743,"z":0.001023240271024406,"w":0.9897965788841248},"size":0.716597855091095,"orthographic":false}